cluster,distance_to_centroid
1,30.891839612797927
1,30.876533976720474
1,30.8716008202407
1,30.84512667223175
1,30.838947722231993
1,30.838067472137656
1,30.83537887472484
1,30.833023946021346
1,30.820972327216893
1,30.8195095086582
1,27.461807300743985
1,27.307276939192903
1,27.296340895646786
1,27.272478158939265
1,27.258617065312343
1,27.24784882453096
1,27.24637218371545
1,27.23859819029751
1,27.237656714115648
1,27.237320070846273
1,27.234872062490226
1,24.239428974434468
1,24.054939222890017
1,23.965695936938115
1,23.955738179287213
1,23.954986740808888
1,23.93077120669838
1,23.920846896412318
1,23.870914843185282
1,23.84827836194828
1,23.844275272153425
1,23.82671931274101
1,23.81080743534115
1,23.800094346938963
1,23.798920674210958
1,23.787325271687468
1,23.78202545181122
1,23.77725277481475
1,21.91152006037987
1,20.98704736607287
1,20.76854263747045
1,20.723205101221517
1,20.715019911478468
1,20.69023051680777
1,20.689932771750176
1,20.67494784217456
1,20.665286688933094
1,20.64308230624432
1,20.599751597532215
1,20.568946604489174
1,20.55771018919224
1,20.551450819017784
1,20.537674568331504
1,20.537117178292135
1,20.532700410511616
1,18.11415832264082
0,18.100126383160266
1,18.08098885544652
1,18.07901048335831
1,18.064071407337394
1,17.97782281166147
1,17.90025647475922
1,17.84716964401806
1,17.834058192252826
1,17.833609937436137
1,17.825672755922636
1,17.822671464977226
1,17.8007963921312
1,17.80051462407514
1,17.796814511274782
1,17.796814511274782
1,17.785660246455326
1,17.778936681455967
1,17.77440409919904
1,17.76755285940339
1,17.76477385327159
1,17.761581041840355
1,17.753772442397487
1,17.749889419360326
1,17.736839553703092
1,17.732818831221145
1,17.7320423332154
1,17.726988076548782
1,17.72504271327597
1,17.718100702088094
1,17.706958097739655
1,17.700238979722233
1,17.6864704861262
1,17.669141217776264
1,17.590155153769643
1,15.73301234911039
1,15.725928593012158
1,15.677775945419423
1,15.650762075510784
1,15.62701193830799
1,15.52206982372264
1,15.51443839163929
1,15.391110869419617
1,15.345498142933012
1,15.333342744796525
