method,n_clusters,silhouette,smallest_cluster_pct
KMeans,2,0.8787908338919946,0.13999999999999999
Agglomerative,2,0.8787908338919946,0.13999999999999999
Agglomerative,3,0.4342547708731865,0.13999999999999999
Agglomerative,4,0.38204824351085204,0.13999999999999999
Agglomerative,5,0.27168139298898425,0.13999999999999999
KMeans,6,0.16130702603902822,0.13999999999999999
KMeans,5,0.15264494736106884,0.13999999999999999
KMeans,4,0.14518433935438643,0.13999999999999999
KMeans,3,0.12034780893310276,0.13999999999999999
Agglomerative,6,0.11872566106872207,0.13999999999999999
