sample_index,nearest_other_distance
19184,0.0
27210,0.0
10663,0.0
29074,0.0
31056,0.0
23799,0.0
21514,0.0
21274,0.0
22019,0.0
29661,0.0
8539,0.0
16416,0.0
26740,0.0
5949,0.0
19458,0.0
11561,0.0
11516,0.0
15394,0.0
10897,0.0
20043,0.0
19462,0.0
15606,0.0
3611,0.0
32229,0.0
17614,0.0
15292,0.0
5600,0.0
23979,0.0
8409,0.0
20903,0.0
3181,0.0
15726,0.0
21296,0.0
31572,0.0
25643,0.0
2445,0.0
29196,0.0
24220,0.0
15408,0.0
8853,0.0
19286,5.960464477539063e-08
20446,5.960464477539063e-08
3295,0.10690617073643885
15051,0.10690617073643885
3990,0.10690617073643885
14990,0.10690617073643885
15425,0.10690617073643885
30695,0.10690617073643885
7856,0.10690617073643885
20175,0.10690617073643885
1472,0.10690617073643885
19324,0.10690617073643885
25580,0.10690617073643885
19478,0.10690617073643885
6235,0.10690617073643885
3819,0.10690617073643885
16105,0.10690617073643885
20554,0.10690617073643885
15829,0.10690617073643885
12881,0.10690617073643885
27687,0.10690617073643885
17541,0.10690617073643885
9766,0.10690617073643885
3706,0.10690617073643885
2507,0.10690617073643885
17099,0.10690617073643885
21792,0.10690617073643885
9596,0.10690617073643885
20331,0.10690617073643885
5779,0.10690617073643885
10051,0.10690617073643885
20289,0.10690617073643885
1225,0.10690617073643885
18464,0.10690617073643885
7820,0.10690617073643885
19537,0.10690617073643885
9934,0.10690617073643885
2575,0.10690617073643885
1492,0.10690617073643885
17151,0.10690617073643885
21827,0.10690617073643885
6863,0.10690617073644301
21492,0.10690617073644301
31267,0.10690617073644301
12609,0.10690617073644301
15354,0.10690617073644301
23334,0.10690617073644301
19838,0.10690617073644301
19937,0.10690617073644301
7426,0.10690617073644301
24615,0.10690617073644301
22300,0.10690617073644716
20415,0.10690617073644716
21817,0.10690617073644716
18966,0.10690617073644716
22400,0.10690617073644716
21415,0.10690617073644716
22194,0.10690617073644716
30552,0.10690617073644716
27680,0.10690617073644716
